,USD,EUR,GBP,JPY,CAD,DKK,NOK
USD,1,0.88011,0.691965,111.735,1.39367,6.6311,8.59505
EUR,1.136221609,1,0.786226,126.956,,7.46363,9.67416
GBP,1.445159799,1.27189892,1,161.475,,,
JPY,0.008949747,0.007876745,0.006192909,1,,,
CAD,0.717529,,,,1,,
DKK,0.150805,0.133983062,,,,1,
NOK,0.116346,0.103368,,,,,1
